path,label
anger/image0008244.jpg,anger
anger/image0011254.jpg,anger
anger/image0009502.jpg,anger
anger/image0015587.jpg,anger
anger/image0024269.jpg,anger
anger/image0024223.jpg,anger
anger/image0012663.jpg,anger
anger/image0030673.jpg,anger
anger/image0001990.jpg,anger
anger/image0027459.jpg,anger
anger/image0001623.jpg,anger
anger/image0030046.jpg,anger
anger/image0022455.jpg,anger
anger/image0015605.jpg,anger
anger/image0023624.jpg,anger
anger/image0010135.jpg,anger
anger/image0018244.jpg,anger
anger/image0003487.jpg,anger
anger/image0026028.jpg,anger
anger/image0026717.jpg,anger
anger/image0028025.jpg,anger
anger/image0020396.jpg,anger
anger/image0013705.jpg,anger
anger/image0030547.jpg,anger
anger/image0015814.jpg,anger
anger/image0002685.jpg,anger
anger/image0012579.jpg,anger
anger/image0020779.jpg,anger
anger/image0009939.jpg,anger
anger/image0000972.jpg,anger
anger/image0015921.jpg,anger
anger/image0028005.jpg,anger
anger/image0015436.jpg,anger
anger/image0020148.jpg,anger
anger/image0025884.jpg,anger
anger/image0024003.jpg,anger
anger/image0019498.jpg,anger
anger/image0024272.jpg,anger
anger/image0018981.jpg,anger
anger/image0027082.jpg,anger
anger/image0003411.jpg,anger
anger/image0027446.jpg,anger
anger/image0014577.jpg,anger
anger/image0021062.jpg,anger
anger/image0025657.jpg,anger
anger/image0008045.jpg,anger
anger/image0025887.jpg,anger
anger/image0019911.jpg,anger
anger/image0002102.jpg,anger
anger/image0013747.jpg,anger
anger/image0026832.jpg,anger
anger/image0026926.jpg,anger
anger/image0019908.jpg,anger
anger/image0006587.jpg,anger
anger/image0014453.jpg,anger
anger/image0019531.jpg,anger
anger/image0017282.jpg,anger
anger/image0007308.jpg,anger
anger/image0023077.jpg,anger
anger/image0016917.jpg,anger
anger/image0030272.jpg,anger
anger/image0027855.jpg,anger
anger/image0013279.jpg,anger
anger/image0009286.jpg,anger
anger/image0025474.jpg,anger
anger/image0030155.jpg,anger
anger/image0024840.jpg,anger
anger/image0028099.jpg,anger
anger/image0003112.jpg,anger
anger/image0024155.jpg,anger
anger/image0010873.jpg,anger
anger/image0027450.jpg,anger
anger/image0025582.jpg,anger
anger/image0021747.jpg,anger
anger/image0018397.jpg,anger
anger/image0023617.jpg,anger
anger/image0026509.jpg,anger
anger/image0023201.jpg,anger
anger/image0011725.jpg,anger
anger/image0018757.jpg,anger
anger/image0002049.jpg,anger
anger/image0030690.jpg,anger
anger/image0030030.jpg,anger
anger/image0028661.jpg,anger
anger/image0023021.jpg,anger
anger/image0026586.jpg,anger
anger/image0012853.jpg,anger
anger/image0021469.jpg,anger
anger/image0017779.jpg,anger
anger/image0015639.jpg,anger
anger/image0017911.jpg,anger
anger/image0014354.jpg,anger
anger/image0024157.jpg,anger
anger/image0018866.jpg,anger
anger/image0024998.jpg,anger
anger/image0023644.jpg,anger
anger/image0029307.jpg,anger
anger/image0011726.jpg,anger
anger/image0028246.jpg,anger
anger/image0030375.jpg,anger
anger/image0029405.jpg,anger
anger/image0026591.jpg,anger
anger/image0023161.jpg,anger
anger/image0021945.jpg,anger
anger/image0007531.jpg,anger
anger/image0030332.jpg,anger
anger/image0016263.jpg,anger
anger/image0008218.jpg,anger
anger/image0007124.jpg,anger
anger/image0012073.jpg,anger
anger/image0024258.jpg,anger
anger/image0017488.jpg,anger
anger/image0021598.jpg,anger
anger/image0012994.jpg,anger
anger/image0012085.jpg,anger
anger/image0022988.jpg,anger
anger/image0024610.jpg,anger
anger/image0025929.jpg,anger
anger/image0018025.jpg,anger
anger/image0028409.jpg,anger
anger/image0018254.jpg,anger
anger/image0010824.jpg,anger
anger/image0006597.jpg,anger
anger/image0027007.jpg,anger
anger/image0006601.jpg,anger
anger/image0028616.jpg,anger
anger/image0013072.jpg,anger
anger/image0020265.jpg,anger
anger/image0021166.jpg,anger
anger/image0026192.jpg,anger
anger/image0028393.jpg,anger
anger/image0021262.jpg,anger
anger/image0029236.jpg,anger
anger/image0007945.jpg,anger
anger/image0027568.jpg,anger
anger/image0027042.jpg,anger
anger/image0012464.jpg,anger
anger/image0022637.jpg,anger
anger/image0022756.jpg,anger
anger/image0015553.jpg,anger
anger/image0025968.jpg,anger
anger/image0009697.jpg,anger
anger/image0027901.jpg,anger
anger/image0026190.jpg,anger
anger/image0019726.jpg,anger
anger/image0018408.jpg,anger
anger/image0012310.jpg,anger
anger/image0028664.jpg,anger
anger/image0024113.jpg,anger
anger/image0003325.jpg,anger
anger/image0025048.jpg,anger
anger/image0014776.jpg,anger
anger/image0018971.jpg,anger
anger/image0024128.jpg,anger
anger/image0009775.jpg,anger
anger/image0003762.jpg,anger
anger/image0015076.jpg,anger
anger/image0015630.jpg,anger
anger/image0013790.jpg,anger
anger/image0012695.jpg,anger
anger/image0027295.jpg,anger
anger/image0019257.jpg,anger
anger/image0003019.jpg,anger
anger/image0030171.jpg,anger
anger/image0026410.jpg,anger
anger/image0007579.jpg,anger
anger/image0020125.jpg,anger
anger/image0014158.jpg,anger
anger/image0028139.jpg,anger
anger/image0024661.jpg,anger
anger/image0026465.jpg,anger
anger/image0017727.jpg,anger
anger/image0017712.jpg,anger
anger/image0018522.jpg,anger
anger/image0028400.jpg,anger
anger/image0029318.jpg,anger
anger/image0025923.jpg,anger
anger/image0026625.jpg,anger
anger/image0029079.jpg,anger
anger/image0021489.jpg,anger
anger/image0020608.jpg,anger
anger/image0026334.jpg,anger
anger/image0018650.jpg,anger
anger/image0025427.jpg,anger
anger/image0008771.jpg,anger
anger/image0030715.jpg,anger
anger/image0018566.jpg,anger
anger/image0027031.jpg,anger
anger/image0026441.jpg,anger
anger/image0015112.jpg,anger
anger/image0017479.jpg,anger
anger/image0025186.jpg,anger
anger/image0001524.jpg,anger
anger/image0028803.jpg,anger
anger/image0014674.jpg,anger
anger/image0029754.jpg,anger
anger/image0021533.jpg,anger
anger/image0030424.jpg,anger
anger/image0022327.jpg,anger
anger/image0018263.jpg,anger
anger/image0005298.jpg,anger
anger/image0019133.jpg,anger
anger/image0018051.jpg,anger
anger/image0024514.jpg,anger
anger/image0023264.jpg,anger
anger/image0030216.jpg,anger
anger/image0008947.jpg,anger
anger/image0000776.jpg,anger
anger/image0029178.jpg,anger
anger/image0001892.jpg,anger
anger/image0030693.jpg,anger
anger/image0005962.jpg,anger
anger/image0027121.jpg,anger
anger/image0020155.jpg,anger
anger/image0028514.jpg,anger
anger/image0011274.jpg,anger
anger/image0026817.jpg,anger
anger/image0018667.jpg,anger
anger/image0030719.jpg,anger
anger/image0006236.jpg,anger
anger/image0013378.jpg,anger
anger/image0011187.jpg,anger
anger/image0021337.jpg,anger
anger/image0023515.jpg,anger
anger/image0012969.jpg,anger
anger/image0002706.jpg,anger
anger/image0027765.jpg,anger
anger/image0012281.jpg,anger
anger/image0030426.jpg,anger
anger/image0006816.jpg,anger
anger/image0021097.jpg,anger
anger/image0022552.jpg,anger
anger/image0021720.jpg,anger
anger/image0030626.jpg,anger
anger/image0019621.jpg,anger
anger/image0016062.jpg,anger
anger/image0028889.jpg,anger
anger/image0026747.jpg,anger
anger/image0018156.jpg,anger
anger/image0023759.jpg,anger
anger/image0020689.jpg,anger
anger/image0020642.jpg,anger
anger/image0028000.jpg,anger
anger/image0003237.jpg,anger
anger/image0016323.jpg,anger
anger/image0019395.jpg,anger
anger/image0027375.jpg,anger
anger/image0030532.jpg,anger
anger/image0024756.jpg,anger
anger/image0013356.jpg,anger
anger/image0029456.jpg,anger
anger/image0019792.jpg,anger
anger/image0024396.jpg,anger
anger/image0020003.jpg,anger
anger/image0028745.jpg,anger
anger/image0027972.jpg,anger
anger/image0011280.jpg,anger
anger/image0021155.jpg,anger
anger/image0024040.jpg,anger
anger/image0002272.jpg,anger
anger/image0021839.jpg,anger
anger/image0001062.jpg,anger
anger/image0020149.jpg,anger
anger/image0026716.jpg,anger
anger/image0026600.jpg,anger
anger/image0011180.jpg,anger
anger/image0004885.jpg,anger
anger/image0006364.jpg,anger
anger/image0019078.jpg,anger
anger/image0009130.jpg,anger
anger/image0020414.jpg,anger
anger/image0029836.jpg,anger
anger/image0011831.jpg,anger
anger/image0030583.jpg,anger
anger/image0019707.jpg,anger
anger/image0021102.jpg,anger
anger/image0015870.jpg,anger
anger/image0028899.jpg,anger
anger/image0006756.jpg,anger
anger/image0030374.jpg,anger
anger/image0030574.jpg,anger
anger/image0016451.jpg,anger
anger/image0024149.jpg,anger
anger/image0017731.jpg,anger
anger/image0001741.jpg,anger
anger/image0009475.jpg,anger
anger/image0022877.jpg,anger
anger/image0002143.jpg,anger
anger/image0004866.jpg,anger
anger/image0024567.jpg,anger
anger/image0028858.jpg,anger
anger/image0015006.jpg,anger
anger/image0030725.jpg,anger
anger/image0021736.jpg,anger
anger/image0028592.jpg,anger
anger/image0001341.jpg,anger
anger/image0025695.jpg,anger
anger/image0022253.jpg,anger
anger/image0012908.jpg,anger
anger/image0024936.jpg,anger
anger/image0002220.jpg,anger
anger/image0030243.jpg,anger
anger/image0025755.jpg,anger
anger/image0027314.jpg,anger
anger/image0013486.jpg,anger
anger/image0022667.jpg,anger
anger/image0030407.jpg,anger
anger/image0019066.jpg,anger
anger/image0001021.jpg,anger
anger/image0022096.jpg,anger
anger/image0020433.jpg,anger
anger/image0027723.jpg,anger
anger/image0018947.jpg,anger
anger/image0023709.jpg,anger
anger/image0023527.jpg,anger
anger/image0026970.jpg,anger
anger/image0027095.jpg,anger
anger/image0024632.jpg,anger
anger/image0027145.jpg,anger
anger/image0001314.jpg,anger
anger/image0022911.jpg,anger
anger/image0005124.jpg,anger
anger/image0009580.jpg,anger
anger/image0010431.jpg,anger
anger/image0012539.jpg,anger
anger/image0030292.jpg,anger
anger/image0020606.jpg,anger
anger/image0018363.jpg,anger
anger/image0013835.jpg,anger
anger/image0028638.jpg,anger
anger/image0020540.jpg,anger
anger/image0028837.jpg,anger
anger/image0020520.jpg,anger
anger/image0018957.jpg,anger
anger/image0021907.jpg,anger
anger/image0011595.jpg,anger
anger/image0005680.jpg,anger
anger/image0016640.jpg,anger
anger/image0028339.jpg,anger
anger/image0023247.jpg,anger
anger/image0015727.jpg,anger
anger/image0029360.jpg,anger
anger/image0017750.jpg,anger
anger/image0022635.jpg,anger
anger/image0029254.jpg,anger
anger/image0030182.jpg,anger
anger/image0030392.jpg,anger
anger/image0028928.jpg,anger
anger/image0020945.jpg,anger
anger/image0005315.jpg,anger
anger/image0013733.jpg,anger
anger/image0030618.jpg,anger
anger/image0027454.jpg,anger
anger/image0003387.jpg,anger
anger/image0011417.jpg,anger
anger/image0028815.jpg,anger
anger/image0015203.jpg,anger
anger/image0021389.jpg,anger
anger/image0014542.jpg,anger
anger/image0013752.jpg,anger
anger/image0010569.jpg,anger
anger/image0027752.jpg,anger
anger/image0006224.jpg,anger
anger/image0028481.jpg,anger
anger/image0013929.jpg,anger
anger/image0028279.jpg,anger
anger/image0010290.jpg,anger
anger/image0030564.jpg,anger
anger/image0008625.jpg,anger
anger/image0025499.jpg,anger
anger/image0025922.jpg,anger
anger/image0002024.jpg,anger
anger/image0020659.jpg,anger
anger/image0014681.jpg,anger
anger/image0017373.jpg,anger
anger/image0013692.jpg,anger
anger/image0030538.jpg,anger
anger/image0026949.jpg,anger
anger/image0013247.jpg,anger
anger/image0014881.jpg,anger
anger/image0025829.jpg,anger
anger/image0029271.jpg,anger
anger/image0027628.jpg,anger
anger/image0017627.jpg,anger
anger/image0028024.jpg,anger
anger/image0018618.jpg,anger
anger/image0014639.jpg,anger
anger/image0016157.jpg,anger
anger/image0030459.jpg,anger
anger/image0029293.jpg,anger
anger/image0027809.jpg,anger
anger/image0020794.jpg,anger
anger/image0025126.jpg,anger
anger/image0014650.jpg,anger
anger/image0027476.jpg,anger
anger/image0016913.jpg,anger
anger/image0026012.jpg,anger
anger/image0008479.jpg,anger
anger/image0024469.jpg,anger
anger/image0020809.jpg,anger
anger/image0007604.jpg,anger
anger/image0019006.jpg,anger
anger/image0023717.jpg,anger
anger/image0024213.jpg,anger
anger/image0022017.jpg,anger
anger/image0015559.jpg,anger
anger/image0011575.jpg,anger
anger/image0025393.jpg,anger
anger/image0024634.jpg,anger
anger/image0027721.jpg,anger
anger/image0024990.jpg,anger
anger/image0025593.jpg,anger
anger/image0021066.jpg,anger
anger/image0002106.jpg,anger
anger/image0021402.jpg,anger
anger/image0008355.jpg,anger
anger/image0001529.jpg,anger
anger/image0006258.jpg,anger
anger/image0023132.jpg,anger
anger/image0028729.jpg,anger
anger/image0010585.jpg,anger
anger/image0025144.jpg,anger
anger/image0015798.jpg,anger
anger/image0015108.jpg,anger
anger/image0026677.jpg,anger
anger/image0028482.jpg,anger
anger/image0026025.jpg,anger
anger/image0028977.jpg,anger
anger/image0029819.jpg,anger
anger/image0012763.jpg,anger
anger/image0028563.jpg,anger
anger/image0026674.jpg,anger
anger/image0015700.jpg,anger
anger/image0021016.jpg,anger
anger/image0030624.jpg,anger
anger/image0025578.jpg,anger
anger/image0017986.jpg,anger
anger/image0012323.jpg,anger
anger/image0015380.jpg,anger
anger/image0013063.jpg,anger
anger/image0006167.jpg,anger
anger/image0025990.jpg,anger
anger/image0018808.jpg,anger
anger/image0030271.jpg,anger
anger/image0016293.jpg,anger
anger/image0029729.jpg,anger
anger/image0027472.jpg,anger
anger/image0030435.jpg,anger
anger/image0003970.jpg,anger
anger/image0017975.jpg,anger
anger/image0000106.jpg,anger
anger/image0030158.jpg,anger
anger/image0029797.jpg,anger
anger/image0022847.jpg,anger
anger/image0010760.jpg,anger
anger/image0016527.jpg,anger
anger/image0013912.jpg,anger
anger/image0015492.jpg,anger
anger/image0008605.jpg,anger
anger/image0011877.jpg,anger
anger/image0030497.jpg,anger
anger/image0026872.jpg,anger
anger/image0013078.jpg,anger
anger/image0008820.jpg,anger
anger/image0005660.jpg,anger
anger/image0020521.jpg,anger
anger/image0007807.jpg,anger
anger/image0014893.jpg,anger
anger/image0013193.jpg,anger
anger/image0021560.jpg,anger
anger/image0027317.jpg,anger
anger/image0018327.jpg,anger
anger/image0020182.jpg,anger
anger/image0029667.jpg,anger
anger/image0017478.jpg,anger
anger/image0012573.jpg,anger
anger/image0008871.jpg,anger
anger/image0028349.jpg,anger
anger/image0026543.jpg,anger
anger/image0026186.jpg,anger
anger/image0008044.jpg,anger
anger/image0012485.jpg,anger
anger/image0016173.jpg,anger
anger/image0024478.jpg,anger
anger/image0016126.jpg,anger
anger/image0009997.jpg,anger
anger/image0026710.jpg,anger
anger/image0012043.jpg,anger
anger/image0028982.jpg,anger
anger/image0012748.jpg,anger
anger/image0014642.jpg,anger
anger/image0024583.jpg,anger
anger/image0023899.jpg,anger
anger/image0028918.jpg,anger
anger/image0012443.jpg,anger
anger/image0027468.jpg,anger
anger/image0017583.jpg,anger
anger/image0027011.jpg,anger
anger/image0020500.jpg,anger
anger/image0024677.jpg,anger
anger/image0021810.jpg,anger
anger/image0021317.jpg,anger
anger/image0024646.jpg,anger
anger/image0016981.jpg,anger
anger/image0005597.jpg,anger
anger/image0027716.jpg,anger
anger/image0023007.jpg,anger
anger/image0005221.jpg,anger
anger/image0009370.jpg,anger
anger/image0029255.jpg,anger
anger/image0015666.jpg,anger
anger/image0009534.jpg,anger
anger/image0029864.jpg,anger
anger/image0027746.jpg,anger
anger/image0022439.jpg,anger
anger/image0008854.jpg,anger
anger/image0026965.jpg,anger
anger/image0020783.jpg,anger
anger/image0020091.jpg,anger
anger/image0011790.jpg,anger
anger/image0027816.jpg,anger
anger/image0029930.jpg,anger
anger/image0020995.jpg,anger
anger/image0025559.jpg,anger
anger/image0014439.jpg,anger
anger/image0010609.jpg,anger
anger/image0017600.jpg,anger
anger/image0022942.jpg,anger
anger/image0028947.jpg,anger
anger/image0015957.jpg,anger
anger/image0000416.jpg,anger
anger/image0023666.jpg,anger
anger/image0025428.jpg,anger
anger/image0028075.jpg,anger
anger/image0027448.jpg,anger
anger/image0020787.jpg,anger
anger/image0013385.jpg,anger
anger/image0018487.jpg,anger
anger/image0006275.jpg,anger
anger/image0024275.jpg,anger
anger/image0021762.jpg,anger
anger/image0030737.jpg,anger
anger/image0024370.jpg,anger
anger/image0023733.jpg,anger
anger/image0025799.jpg,anger
anger/image0027464.jpg,anger
anger/image0030192.jpg,anger
anger/image0023066.jpg,anger
anger/image0027033.jpg,anger
anger/image0001305.jpg,anger
anger/image0008894.jpg,anger
anger/image0030628.jpg,anger
anger/image0002725.jpg,anger
anger/image0025168.jpg,anger
anger/image0018015.jpg,anger
anger/image0023561.jpg,anger
anger/image0003013.jpg,anger
anger/image0027013.jpg,anger
anger/image0013986.jpg,anger
anger/image0030668.jpg,anger
anger/image0019815.jpg,anger
anger/image0022009.jpg,anger
anger/image0016260.jpg,anger
anger/image0022313.jpg,anger
anger/image0026269.jpg,anger
anger/image0016172.jpg,anger
anger/image0017674.jpg,anger
anger/image0002140.jpg,anger
anger/image0023479.jpg,anger
anger/image0025216.jpg,anger
anger/image0023806.jpg,anger
anger/image0022709.jpg,anger
anger/image0013743.jpg,anger
anger/image0021881.jpg,anger
anger/image0014136.jpg,anger
anger/image0022918.jpg,anger
anger/image0018835.jpg,anger
anger/image0030706.jpg,anger
anger/image0027477.jpg,anger
anger/image0026453.jpg,anger
anger/image0024055.jpg,anger
anger/image0010000.jpg,anger
anger/image0025440.jpg,anger
anger/image0012395.jpg,anger
anger/image0026102.jpg,anger
anger/image0028289.jpg,anger
anger/image0009950.jpg,anger
anger/image0006960.jpg,anger
anger/image0028158.jpg,anger
anger/image0023113.jpg,anger
anger/image0026818.jpg,anger
anger/image0023391.jpg,anger
anger/image0024521.jpg,anger
anger/image0004341.jpg,anger
anger/image0030450.jpg,anger
anger/image0017818.jpg,anger
anger/image0019244.jpg,anger
anger/image0019053.jpg,anger
anger/image0019307.jpg,anger
anger/image0015541.jpg,anger
happy/ffhq_405.png,happy
happy/ffhq_2718.png,happy
happy/ffhq_3596.png,happy
happy/ffhq_647.png,happy
happy/ffhq_4605.png,happy
happy/ffhq_2326.png,happy
happy/ffhq_80.png,happy
happy/ffhq_4814.png,happy
happy/ffhq_3996.png,happy
happy/ffhq_4220.png,happy
happy/ffhq_3382.png,happy
happy/ffhq_3407.png,happy
happy/ffhq_2731.png,happy
happy/ffhq_2313.png,happy
happy/ffhq_1338.png,happy
happy/ffhq_869.png,happy
happy/ffhq_1885.png,happy
happy/ffhq_1210.png,happy
happy/ffhq_1256.png,happy
happy/ffhq_3318.png,happy
happy/ffhq_555.png,happy
happy/ffhq_231.png,happy
happy/ffhq_1244.png,happy
happy/ffhq_2778.png,happy
happy/ffhq_1170.png,happy
happy/ffhq_3324.png,happy
happy/ffhq_1453.png,happy
happy/ffhq_2016.png,happy
happy/ffhq_4372.png,happy
happy/ffhq_2044.png,happy
happy/ffhq_3998.png,happy
happy/ffhq_1358.png,happy
happy/ffhq_782.png,happy
happy/ffhq_1106.png,happy
happy/ffhq_2702.png,happy
happy/ffhq_2276.png,happy
happy/ffhq_350.png,happy
happy/ffhq_2270.png,happy
happy/ffhq_2121.png,happy
happy/ffhq_2910.png,happy
happy/ffhq_2141.png,happy
happy/ffhq_54.png,happy
happy/ffhq_833.png,happy
happy/ffhq_1403.png,happy
happy/ffhq_1671.png,happy
happy/ffhq_2698.png,happy
happy/ffhq_78.png,happy
happy/ffhq_2253.png,happy
happy/ffhq_2752.png,happy
happy/ffhq_908.png,happy
happy/ffhq_2353.png,happy
happy/ffhq_3139.png,happy
happy/ffhq_3879.png,happy
happy/ffhq_1952.png,happy
happy/ffhq_1301.png,happy
happy/ffhq_612.png,happy
happy/ffhq_4074.png,happy
happy/ffhq_3161.png,happy
happy/ffhq_4257.png,happy
happy/ffhq_1919.png,happy
happy/ffhq_2714.png,happy
happy/ffhq_4587.png,happy
happy/ffhq_2792.png,happy
happy/ffhq_2877.png,happy
happy/ffhq_2465.png,happy
happy/ffhq_4364.png,happy
happy/ffhq_233.png,happy
happy/ffhq_4025.png,happy
happy/ffhq_2885.png,happy
happy/ffhq_1586.png,happy
happy/ffhq_3313.png,happy
happy/ffhq_2737.png,happy
happy/ffhq_4779.png,happy
happy/ffhq_441.png,happy
happy/ffhq_1484.png,happy
happy/ffhq_4007.png,happy
happy/image0032401.jpg,happy
happy/ffhq_1080.png,happy
happy/ffhq_2810.png,happy
happy/ffhq_2403.png,happy
happy/ffhq_2895.png,happy
happy/ffhq_4750.png,happy
happy/ffhq_496.png,happy
happy/ffhq_2418.png,happy
happy/ffhq_4522.png,happy
happy/ffhq_739.png,happy
happy/ffhq_1365.png,happy
happy/ffhq_485.png,happy
happy/ffhq_2599.png,happy
happy/ffhq_4765.png,happy
happy/ffhq_2713.png,happy
happy/ffhq_178.png,happy
happy/ffhq_2223.png,happy
happy/ffhq_2071.png,happy
happy/ffhq_2031.png,happy
happy/ffhq_2795.png,happy
happy/ffhq_3171.png,happy
happy/ffhq_3682.png,happy
happy/ffhq_3284.png,happy
happy/ffhq_4966.png,happy
happy/ffhq_4997.png,happy
happy/ffhq_2739.png,happy
happy/image1000008.jpg,happy
happy/ffhq_4185.png,happy
happy/ffhq_1360.png,happy
happy/ffhq_4566.png,happy
happy/ffhq_4602.png,happy
happy/ffhq_2789.png,happy
happy/ffhq_4643.png,happy
happy/ffhq_3435.png,happy
happy/ffhq_1034.png,happy
happy/ffhq_250.png,happy
happy/ffhq_4140.png,happy
happy/ffhq_3494.png,happy
happy/ffhq_4803.png,happy
happy/ffhq_1572.png,happy
happy/ffhq_266.png,happy
happy/ffhq_801.png,happy
happy/ffhq_4641.png,happy
happy/ffhq_4167.png,happy
happy/ffhq_867.png,happy
happy/ffhq_1414.png,happy
happy/ffhq_3750.png,happy
happy/ffhq_2763.png,happy
happy/ffhq_3118.png,happy
happy/ffhq_4564.png,happy
happy/ffhq_1013.png,happy
happy/ffhq_4255.png,happy
happy/ffhq_2747.png,happy
happy/ffhq_2404.png,happy
happy/ffhq_3847.png,happy
happy/ffhq_4948.png,happy
happy/ffhq_922.png,happy
happy/ffhq_114.png,happy
happy/ffhq_348.png,happy
happy/ffhq_1717.png,happy
happy/ffhq_3522.png,happy
happy/ffhq_2310.png,happy
happy/ffhq_774.png,happy
happy/ffhq_3264.png,happy
happy/ffhq_2998.png,happy
happy/ffhq_806.png,happy
happy/ffhq_1017.png,happy
happy/ffhq_1984.png,happy
happy/ffhq_4852.png,happy
happy/ffhq_3543.png,happy
happy/ffhq_3482.png,happy
happy/ffhq_1969.png,happy
happy/ffhq_1518.png,happy
happy/ffhq_2122.png,happy
happy/ffhq_1331.png,happy
happy/ffhq_2272.png,happy
happy/ffhq_2685.png,happy
happy/ffhq_4299.png,happy
happy/ffhq_2677.png,happy
happy/ffhq_3966.png,happy
happy/ffhq_3127.png,happy
happy/ffhq_2212.png,happy
happy/ffhq_188.png,happy
happy/ffhq_3179.png,happy
happy/ffhq_716.png,happy
happy/ffhq_1204.png,happy
happy/ffhq_1127.png,happy
happy/ffhq_1509.png,happy
happy/ffhq_4054.png,happy
happy/ffhq_2101.png,happy
happy/ffhq_1931.png,happy
happy/ffhq_15.png,happy
happy/ffhq_1056.png,happy
happy/ffhq_1631.png,happy
happy/ffhq_2864.png,happy
happy/ffhq_1084.png,happy
happy/ffhq_2293.png,happy
happy/ffhq_1967.png,happy
happy/ffhq_2390.png,happy
happy/ffhq_4972.png,happy
happy/ffhq_1296.png,happy
happy/ffhq_2654.png,happy
happy/ffhq_4710.png,happy
happy/ffhq_2588.png,happy
happy/ffhq_856.png,happy
happy/ffhq_1396.png,happy
happy/ffhq_513.png,happy
happy/ffhq_527.png,happy
happy/ffhq_4186.png,happy
happy/ffhq_420.png,happy
happy/ffhq_970.png,happy
happy/ffhq_1229.png,happy
happy/ffhq_1057.png,happy
happy/ffhq_4009.png,happy
happy/ffhq_1029.png,happy
happy/ffhq_374.png,happy
happy/ffhq_4265.png,happy
happy/ffhq_2022.png,happy
happy/ffhq_3064.png,happy
happy/ffhq_2805.png,happy
happy/ffhq_1596.png,happy
happy/ffhq_3068.png,happy
happy/ffhq_2267.png,happy
happy/ffhq_1706.png,happy
happy/ffhq_85.png,happy
happy/ffhq_627.png,happy
happy/ffhq_1279.png,happy
happy/ffhq_4237.png,happy
happy/ffhq_1266.png,happy
happy/ffhq_1249.png,happy
happy/ffhq_2873.png,happy
happy/ffhq_196.png,happy
happy/ffhq_3892.png,happy
happy/ffhq_4418.png,happy
happy/ffhq_884.png,happy
happy/ffhq_1638.png,happy
happy/ffhq_1855.png,happy
happy/ffhq_338.png,happy
happy/ffhq_4583.png,happy
happy/ffhq_690.png,happy
happy/ffhq_3084.png,happy
happy/ffhq_3822.png,happy
happy/ffhq_1466.png,happy
happy/ffhq_665.png,happy
happy/ffhq_1361.png,happy
happy/ffhq_2155.png,happy
happy/ffhq_2855.png,happy
happy/ffhq_2487.png,happy
happy/ffhq_3652.png,happy
happy/ffhq_2574.png,happy
happy/ffhq_435.png,happy
happy/ffhq_3958.png,happy
happy/ffhq_340.png,happy
happy/ffhq_2159.png,happy
happy/ffhq_118.png,happy
happy/ffhq_4796.png,happy
happy/ffhq_3128.png,happy
happy/ffhq_1239.png,happy
happy/ffhq_2848.png,happy
happy/ffhq_1035.png,happy
happy/ffhq_3517.png,happy
happy/ffhq_4944.png,happy
happy/ffhq_3029.png,happy
happy/ffhq_1835.png,happy
happy/ffhq_1309.png,happy
happy/ffhq_897.png,happy
happy/ffhq_4939.png,happy
happy/ffhq_533.png,happy
happy/ffhq_1854.png,happy
happy/ffhq_4668.png,happy
happy/ffhq_4855.png,happy
happy/ffhq_1540.png,happy
happy/ffhq_3177.png,happy
happy/ffhq_166.png,happy
happy/ffhq_807.png,happy
happy/ffhq_2874.png,happy
happy/ffhq_878.png,happy
happy/ffhq_3930.png,happy
happy/ffhq_187.png,happy
happy/ffhq_1479.png,happy
happy/ffhq_950.png,happy
happy/ffhq_4151.png,happy
happy/ffhq_3153.png,happy
happy/ffhq_1153.png,happy
happy/ffhq_203.png,happy
happy/ffhq_3347.png,happy
happy/ffhq_4523.png,happy
happy/ffhq_2613.png,happy
happy/ffhq_778.png,happy
happy/ffhq_3450.png,happy
happy/ffhq_1355.png,happy
happy/ffhq_2891.png,happy
happy/ffhq_3800.png,happy
happy/ffhq_2480.png,happy
happy/ffhq_2900.png,happy
happy/ffhq_2557.png,happy
happy/ffhq_657.png,happy
happy/ffhq_3666.png,happy
happy/ffhq_1194.png,happy
happy/ffhq_2211.png,happy
happy/ffhq_3649.png,happy
happy/ffhq_2711.png,happy
happy/ffhq_2750.png,happy
happy/ffhq_1214.png,happy
happy/ffhq_1011.png,happy
happy/ffhq_2740.png,happy
happy/ffhq_1393.png,happy
happy/ffhq_3412.png,happy
happy/ffhq_1483.png,happy
happy/ffhq_507.png,happy
happy/ffhq_3914.png,happy
happy/ffhq_4392.png,happy
happy/ffhq_1275.png,happy
happy/ffhq_1199.png,happy
happy/ffhq_724.png,happy
happy/ffhq_4957.png,happy
happy/ffhq_40.png,happy
happy/ffhq_935.png,happy
happy/ffhq_414.png,happy
happy/ffhq_3709.png,happy
happy/ffhq_3476.png,happy
happy/ffhq_4184.png,happy
happy/ffhq_3595.png,happy
happy/ffhq_2473.png,happy
happy/ffhq_4270.png,happy
happy/ffhq_509.png,happy
happy/ffhq_3861.png,happy
happy/ffhq_731.png,happy
happy/ffhq_2888.png,happy
happy/ffhq_616.png,happy
happy/ffhq_2343.png,happy
happy/ffhq_3251.png,happy
happy/ffhq_936.png,happy
happy/ffhq_529.png,happy
happy/ffhq_2508.png,happy
happy/ffhq_4541.png,happy
happy/ffhq_4176.png,happy
happy/ffhq_105.png,happy
happy/ffhq_4967.png,happy
happy/ffhq_121.png,happy
happy/ffhq_977.png,happy
happy/ffhq_4280.png,happy
happy/ffhq_2388.png,happy
happy/ffhq_2554.png,happy
happy/ffhq_1160.png,happy
happy/ffhq_3058.png,happy
happy/ffhq_2085.png,happy
happy/ffhq_135.png,happy
happy/ffhq_1305.png,happy
happy/ffhq_261.png,happy
happy/ffhq_4768.png,happy
happy/ffhq_1580.png,happy
happy/ffhq_3943.png,happy
happy/ffhq_4150.png,happy
happy/ffhq_3082.png,happy
happy/ffhq_1165.png,happy
happy/ffhq_765.png,happy
happy/ffhq_4682.png,happy
happy/ffhq_3756.png,happy
happy/ffhq_4030.png,happy
happy/ffhq_2920.png,happy
happy/ffhq_4542.png,happy
happy/ffhq_2856.png,happy
happy/ffhq_4426.png,happy
happy/ffhq_976.png,happy
happy/ffhq_2971.png,happy
happy/ffhq_1867.png,happy
happy/ffhq_1290.png,happy
happy/ffhq_393.png,happy
happy/ffhq_3192.png,happy
happy/ffhq_4460.png,happy
happy/ffhq_4457.png,happy
happy/ffhq_8.png,happy
happy/ffhq_1317.png,happy
happy/ffhq_55.png,happy
happy/ffhq_1619.png,happy
happy/ffhq_4678.png,happy
happy/ffhq_134.png,happy
happy/ffhq_211.png,happy
happy/ffhq_3372.png,happy
happy/ffhq_1627.png,happy
happy/ffhq_1710.png,happy
happy/ffhq_4273.png,happy
happy/ffhq_1535.png,happy
happy/ffhq_4572.png,happy
happy/ffhq_547.png,happy
happy/ffhq_4550.png,happy
happy/ffhq_2170.png,happy
happy/ffhq_2246.png,happy
happy/ffhq_4721.png,happy
happy/ffhq_3053.png,happy
happy/ffhq_783.png,happy
happy/ffhq_4411.png,happy
happy/ffhq_1764.png,happy
happy/ffhq_4943.png,happy
happy/ffhq_4516.png,happy
happy/ffhq_4560.png,happy
happy/ffhq_1895.png,happy
happy/ffhq_1066.png,happy
happy/ffhq_1087.png,happy
happy/ffhq_3532.png,happy
happy/ffhq_3672.png,happy
happy/ffhq_4375.png,happy
happy/ffhq_3565.png,happy
happy/ffhq_1997.png,happy
happy/ffhq_2673.png,happy
happy/ffhq_534.png,happy
happy/ffhq_3138.png,happy
happy/ffhq_1568.png,happy
happy/ffhq_671.png,happy
happy/ffhq_4665.png,happy
happy/ffhq_3618.png,happy
happy/ffhq_4144.png,happy
happy/ffhq_1543.png,happy
happy/ffhq_4624.png,happy
happy/ffhq_3718.png,happy
happy/ffhq_1143.png,happy
happy/ffhq_1354.png,happy
happy/ffhq_3647.png,happy
happy/ffhq_1346.png,happy
happy/ffhq_2924.png,happy
happy/ffhq_421.png,happy
happy/ffhq_4873.png,happy
happy/ffhq_1802.png,happy
happy/ffhq_2482.png,happy
happy/ffhq_239.png,happy
happy/ffhq_1047.png,happy
happy/ffhq_4716.png,happy
happy/ffhq_4217.png,happy
happy/ffhq_3885.png,happy
happy/ffhq_2399.png,happy
happy/ffhq_4038.png,happy
happy/ffhq_3834.png,happy
happy/ffhq_3370.png,happy
happy/ffhq_1446.png,happy
happy/ffhq_1032.png,happy
happy/ffhq_1502.png,happy
happy/ffhq_1237.png,happy
happy/ffhq_2839.png,happy
happy/ffhq_2104.png,happy
happy/ffhq_868.png,happy
happy/ffhq_2510.png,happy
happy/ffhq_1073.png,happy
happy/ffhq_3232.png,happy
happy/ffhq_1416.png,happy
happy/ffhq_63.png,happy
happy/ffhq_4623.png,happy
happy/ffhq_876.png,happy
happy/ffhq_3807.png,happy
happy/ffhq_376.png,happy
happy/ffhq_4497.png,happy
happy/ffhq_1179.png,happy
happy/ffhq_3988.png,happy
happy/ffhq_2127.png,happy
happy/ffhq_4702.png,happy
happy/ffhq_1224.png,happy
happy/ffhq_3080.png,happy
happy/ffhq_4347.png,happy
happy/ffhq_500.png,happy
happy/ffhq_2363.png,happy
happy/ffhq_3700.png,happy
happy/ffhq_3981.png,happy
happy/ffhq_1530.png,happy
happy/ffhq_1510.png,happy
happy/ffhq_133.png,happy
happy/ffhq_1190.png,happy
happy/ffhq_1559.png,happy
happy/ffhq_3837.png,happy
happy/ffhq_2064.png,happy
happy/ffhq_3234.png,happy
happy/ffhq_2606.png,happy
happy/ffhq_4729.png,happy
happy/ffhq_2719.png,happy
happy/ffhq_4413.png,happy
happy/ffhq_3279.png,happy
happy/ffhq_2439.png,happy
happy/ffhq_2833.png,happy
happy/ffhq_2753.png,happy
happy/ffhq_815.png,happy
happy/ffhq_326.png,happy
happy/ffhq_3811.png,happy
happy/ffhq_1852.png,happy
happy/ffhq_1226.png,happy
happy/ffhq_1524.png,happy
happy/ffhq_2796.png,happy
happy/ffhq_2191.png,happy
happy/ffhq_3233.png,happy
happy/ffhq_2187.png,happy
happy/ffhq_1031.png,happy
happy/ffhq_4573.png,happy
happy/ffhq_2813.png,happy
happy/ffhq_2384.png,happy
happy/ffhq_1998.png,happy
happy/ffhq_3993.png,happy
happy/ffhq_60.png,happy
happy/ffhq_3362.png,happy
happy/ffhq_4659.png,happy
happy/ffhq_4361.png,happy
happy/ffhq_4376.png,happy
happy/image0041657.jpg,happy
happy/ffhq_2964.png,happy
happy/ffhq_895.png,happy
happy/ffhq_886.png,happy
happy/ffhq_3541.png,happy
happy/ffhq_1476.png,happy
happy/ffhq_3832.png,happy
happy/ffhq_872.png,happy
happy/ffhq_1663.png,happy
happy/ffhq_1781.png,happy
happy/ffhq_2928.png,happy
happy/ffhq_4827.png,happy
happy/ffhq_4307.png,happy
happy/ffhq_746.png,happy
happy/ffhq_2449.png,happy
happy/ffhq_288.png,happy
happy/ffhq_75.png,happy
happy/ffhq_2367.png,happy
happy/ffhq_4232.png,happy
happy/ffhq_2269.png,happy
happy/ffhq_480.png,happy
happy/ffhq_1090.png,happy
happy/ffhq_1297.png,happy
happy/ffhq_1335.png,happy
happy/ffhq_4686.png,happy
happy/ffhq_517.png,happy
happy/ffhq_1958.png,happy
happy/ffhq_3849.png,happy
happy/ffhq_2853.png,happy
happy/ffhq_3676.png,happy
happy/ffhq_4083.png,happy
happy/ffhq_3899.png,happy
happy/ffhq_4478.png,happy
happy/ffhq_3261.png,happy
happy/ffhq_3685.png,happy
happy/ffhq_2890.png,happy
happy/ffhq_3706.png,happy
happy/ffhq_639.png,happy
happy/ffhq_573.png,happy
happy/ffhq_1822.png,happy
happy/ffhq_3644.png,happy
happy/ffhq_1892.png,happy
happy/ffhq_2329.png,happy
happy/ffhq_3248.png,happy
happy/ffhq_1647.png,happy
happy/ffhq_3749.png,happy
happy/ffhq_2184.png,happy
happy/ffhq_2248.png,happy
happy/ffhq_3910.png,happy
happy/ffhq_148.png,happy
happy/ffhq_428.png,happy
happy/ffhq_4385.png,happy
happy/ffhq_2764.png,happy
happy/ffhq_4156.png,happy
happy/ffhq_3008.png,happy
happy/ffhq_3453.png,happy
happy/ffhq_1175.png,happy
happy/ffhq_272.png,happy
happy/ffhq_2756.png,happy
happy/ffhq_4011.png,happy
happy/ffhq_112.png,happy
happy/ffhq_1798.png,happy
happy/ffhq_1277.png,happy
happy/ffhq_670.png,happy
happy/ffhq_4970.png,happy
happy/ffhq_3320.png,happy
happy/ffhq_438.png,happy
happy/ffhq_3590.png,happy
happy/ffhq_531.png,happy
happy/ffhq_4325.png,happy
happy/ffhq_1844.png,happy
happy/ffhq_2296.png,happy
happy/ffhq_1371.png,happy
happy/ffhq_831.png,happy
happy/ffhq_2681.png,happy
happy/ffhq_3714.png,happy
happy/ffhq_290.png,happy
happy/ffhq_225.png,happy
happy/ffhq_2624.png,happy
happy/ffhq_3220.png,happy
happy/ffhq_331.png,happy
happy/ffhq_3168.png,happy
happy/ffhq_4701.png,happy
happy/ffhq_3167.png,happy
happy/ffhq_854.png,happy
happy/ffhq_322.png,happy
happy/ffhq_4664.png,happy
happy/ffhq_3282.png,happy
happy/ffhq_165.png,happy
happy/ffhq_644.png,happy
happy/ffhq_489.png,happy
happy/ffhq_1903.png,happy
happy/ffhq_2974.png,happy
happy/ffhq_2206.png,happy
happy/ffhq_3860.png,happy
happy/ffhq_1809.png,happy
happy/ffhq_2637.png,happy
happy/ffhq_3297.png,happy
happy/ffhq_2140.png,happy
happy/ffhq_2338.png,happy
happy/ffhq_34.png,happy
happy/ffhq_888.png,happy
happy/ffhq_248.png,happy
happy/ffhq_1955.png,happy
happy/ffhq_4621.png,happy
happy/ffhq_3241.png,happy
happy/ffhq_966.png,happy
happy/ffhq_269.png,happy
happy/ffhq_855.png,happy
happy/ffhq_2859.png,happy
happy/ffhq_2708.png,happy
happy/ffhq_1388.png,happy
happy/ffhq_2414.png,happy
happy/ffhq_3399.png,happy
happy/ffhq_2674.png,happy
happy/ffhq_2221.png,happy
happy/ffhq_873.png,happy
happy/ffhq_662.png,happy
happy/ffhq_2454.png,happy
happy/ffhq_797.png,happy
happy/ffhq_3895.png,happy
happy/ffhq_23.png,happy
happy/ffhq_1203.png,happy
happy/ffhq_4606.png,happy
happy/ffhq_745.png,happy
neutral/ffhq_4890.png,neutral
neutral/ffhq_1512.png,neutral
neutral/ffhq_5482.png,neutral
neutral/ffhq_2047.png,neutral
neutral/ffhq_487.png,neutral
neutral/ffhq_35.png,neutral
neutral/ffhq_2739.png,neutral
neutral/ffhq_4965.png,neutral
neutral/ffhq_444.png,neutral
neutral/ffhq_592.png,neutral
neutral/ffhq_2974.png,neutral
neutral/ffhq_2698.png,neutral
neutral/ffhq_2440.png,neutral
neutral/ffhq_5551.png,neutral
neutral/ffhq_4855.png,neutral
neutral/ffhq_972.png,neutral
neutral/ffhq_1810.png,neutral
neutral/ffhq_1399.png,neutral
neutral/ffhq_988.png,neutral
neutral/ffhq_4331.png,neutral
neutral/ffhq_2203.png,neutral
neutral/ffhq_699.png,neutral
neutral/ffhq_1471.png,neutral
neutral/ffhq_5154.png,neutral
neutral/ffhq_732.png,neutral
neutral/ffhq_15.png,neutral
neutral/ffhq_2523.png,neutral
neutral/ffhq_1374.png,neutral
neutral/ffhq_4943.png,neutral
neutral/ffhq_4179.png,neutral
neutral/ffhq_3906.png,neutral
neutral/ffhq_1999.png,neutral
neutral/ffhq_4170.png,neutral
neutral/ffhq_1876.png,neutral
neutral/ffhq_4409.png,neutral
neutral/ffhq_2509.png,neutral
neutral/ffhq_5108.png,neutral
neutral/ffhq_665.png,neutral
neutral/ffhq_4691.png,neutral
neutral/ffhq_1157.png,neutral
neutral/ffhq_4742.png,neutral
neutral/ffhq_155.png,neutral
neutral/ffhq_1690.png,neutral
neutral/ffhq_4055.png,neutral
neutral/ffhq_917.png,neutral
neutral/ffhq_2147.png,neutral
neutral/ffhq_3809.png,neutral
neutral/ffhq_2010.png,neutral
neutral/ffhq_4111.png,neutral
neutral/ffhq_5037.png,neutral
neutral/ffhq_2033.png,neutral
neutral/ffhq_4267.png,neutral
neutral/ffhq_3045.png,neutral
neutral/ffhq_1251.png,neutral
neutral/ffhq_2302.png,neutral
neutral/ffhq_1710.png,neutral
neutral/ffhq_106.png,neutral
neutral/ffhq_889.png,neutral
neutral/ffhq_3947.png,neutral
neutral/ffhq_117.png,neutral
neutral/ffhq_4901.png,neutral
neutral/ffhq_5331.png,neutral
neutral/ffhq_835.png,neutral
neutral/ffhq_1983.png,neutral
neutral/ffhq_3870.png,neutral
neutral/ffhq_5313.png,neutral
neutral/ffhq_4480.png,neutral
neutral/ffhq_4832.png,neutral
neutral/ffhq_4934.png,neutral
neutral/image0031251.jpg,neutral
neutral/ffhq_1585.png,neutral
neutral/ffhq_3981.png,neutral
neutral/ffhq_5100.png,neutral
neutral/ffhq_2297.png,neutral
neutral/ffhq_4257.png,neutral
neutral/ffhq_880.png,neutral
neutral/ffhq_765.png,neutral
neutral/ffhq_1557.png,neutral
neutral/ffhq_2521.png,neutral
neutral/ffhq_5418.png,neutral
neutral/ffhq_2251.png,neutral
neutral/ffhq_245.png,neutral
neutral/ffhq_5421.png,neutral
neutral/ffhq_1046.png,neutral
neutral/ffhq_18.png,neutral
neutral/ffhq_2120.png,neutral
neutral/ffhq_4814.png,neutral
neutral/ffhq_1629.png,neutral
neutral/ffhq_1877.png,neutral
neutral/image0031768.jpg,neutral
neutral/ffhq_4700.png,neutral
neutral/ffhq_2405.png,neutral
neutral/ffhq_2593.png,neutral
neutral/ffhq_175.png,neutral
neutral/ffhq_4198.png,neutral
neutral/ffhq_1953.png,neutral
neutral/ffhq_2458.png,neutral
neutral/ffhq_2761.png,neutral
neutral/ffhq_1255.png,neutral
neutral/ffhq_2572.png,neutral
neutral/ffhq_1560.png,neutral
neutral/ffhq_4395.png,neutral
neutral/ffhq_936.png,neutral
neutral/ffhq_5572.png,neutral
neutral/ffhq_1497.png,neutral
neutral/ffhq_915.png,neutral
neutral/ffhq_2702.png,neutral
neutral/ffhq_2931.png,neutral
neutral/ffhq_2155.png,neutral
neutral/ffhq_2463.png,neutral
neutral/ffhq_2327.png,neutral
neutral/ffhq_2507.png,neutral
neutral/ffhq_2367.png,neutral
neutral/ffhq_3746.png,neutral
neutral/ffhq_2130.png,neutral
neutral/ffhq_848.png,neutral
neutral/ffhq_1261.png,neutral
neutral/ffhq_4528.png,neutral
neutral/ffhq_2152.png,neutral
neutral/ffhq_2892.png,neutral
neutral/ffhq_2559.png,neutral
neutral/image0015510.jpg,neutral
neutral/ffhq_4906.png,neutral
neutral/ffhq_4065.png,neutral
neutral/ffhq_4366.png,neutral
neutral/ffhq_5133.png,neutral
neutral/ffhq_2838.png,neutral
neutral/ffhq_1819.png,neutral
neutral/ffhq_131.png,neutral
neutral/ffhq_2360.png,neutral
neutral/ffhq_730.png,neutral
neutral/ffhq_578.png,neutral
neutral/ffhq_4359.png,neutral
neutral/ffhq_2149.png,neutral
neutral/ffhq_4605.png,neutral
neutral/ffhq_1777.png,neutral
neutral/ffhq_1429.png,neutral
neutral/ffhq_1275.png,neutral
neutral/ffhq_4523.png,neutral
neutral/ffhq_4818.png,neutral
neutral/ffhq_1109.png,neutral
neutral/ffhq_5466.png,neutral
neutral/ffhq_2611.png,neutral
neutral/ffhq_5373.png,neutral
neutral/ffhq_1593.png,neutral
neutral/ffhq_1928.png,neutral
neutral/ffhq_3982.png,neutral
neutral/ffhq_620.png,neutral
neutral/ffhq_2288.png,neutral
neutral/ffhq_914.png,neutral
neutral/ffhq_1673.png,neutral
neutral/ffhq_992.png,neutral
neutral/ffhq_364.png,neutral
neutral/ffhq_1190.png,neutral
neutral/ffhq_2786.png,neutral
neutral/ffhq_2510.png,neutral
neutral/ffhq_2478.png,neutral
neutral/ffhq_1175.png,neutral
neutral/ffhq_3811.png,neutral
neutral/ffhq_1165.png,neutral
neutral/ffhq_885.png,neutral
neutral/ffhq_3001.png,neutral
neutral/ffhq_5324.png,neutral
neutral/ffhq_200.png,neutral
neutral/ffhq_5158.png,neutral
neutral/ffhq_4318.png,neutral
neutral/ffhq_910.png,neutral
neutral/ffhq_407.png,neutral
neutral/ffhq_3034.png,neutral
neutral/ffhq_1639.png,neutral
neutral/ffhq_2307.png,neutral
neutral/ffhq_1187.png,neutral
neutral/ffhq_5454.png,neutral
neutral/ffhq_1713.png,neutral
neutral/ffhq_557.png,neutral
neutral/ffhq_1845.png,neutral
neutral/ffhq_2486.png,neutral
neutral/ffhq_3784.png,neutral
neutral/ffhq_5372.png,neutral
neutral/ffhq_4709.png,neutral
neutral/ffhq_5460.png,neutral
neutral/ffhq_2442.png,neutral
neutral/ffhq_2688.png,neutral
neutral/ffhq_1061.png,neutral
neutral/ffhq_869.png,neutral
neutral/ffhq_2898.png,neutral
neutral/ffhq_625.png,neutral
neutral/ffhq_1875.png,neutral
neutral/ffhq_1838.png,neutral
neutral/ffhq_4232.png,neutral
neutral/ffhq_5173.png,neutral
neutral/ffhq_5601.png,neutral
neutral/ffhq_1237.png,neutral
neutral/ffhq_825.png,neutral
neutral/ffhq_4274.png,neutral
neutral/ffhq_1888.png,neutral
neutral/ffhq_5083.png,neutral
neutral/ffhq_2151.png,neutral
neutral/ffhq_4488.png,neutral
neutral/ffhq_1385.png,neutral
neutral/ffhq_3991.png,neutral
neutral/ffhq_45.png,neutral
neutral/ffhq_4640.png,neutral
neutral/ffhq_2771.png,neutral
neutral/ffhq_899.png,neutral
neutral/ffhq_2145.png,neutral
neutral/ffhq_746.png,neutral
neutral/ffhq_2337.png,neutral
neutral/ffhq_515.png,neutral
neutral/ffhq_1065.png,neutral
neutral/ffhq_2919.png,neutral
neutral/ffhq_4573.png,neutral
neutral/ffhq_3765.png,neutral
neutral/ffhq_4728.png,neutral
neutral/ffhq_3795.png,neutral
neutral/ffhq_4447.png,neutral
neutral/ffhq_5562.png,neutral
neutral/ffhq_1421.png,neutral
neutral/ffhq_4467.png,neutral
neutral/ffhq_4761.png,neutral
neutral/ffhq_1799.png,neutral
neutral/ffhq_1102.png,neutral
neutral/ffhq_1576.png,neutral
neutral/ffhq_2436.png,neutral
neutral/ffhq_5312.png,neutral
neutral/ffhq_5320.png,neutral
neutral/ffhq_1444.png,neutral
neutral/ffhq_5005.png,neutral
neutral/ffhq_5070.png,neutral
neutral/ffhq_2941.png,neutral
neutral/ffhq_1134.png,neutral
neutral/ffhq_5605.png,neutral
neutral/ffhq_1837.png,neutral
neutral/ffhq_5370.png,neutral
neutral/ffhq_4216.png,neutral
neutral/ffhq_229.png,neutral
neutral/ffhq_2654.png,neutral
neutral/ffhq_4784.png,neutral
neutral/ffhq_5315.png,neutral
neutral/ffhq_468.png,neutral
neutral/ffhq_1274.png,neutral
neutral/ffhq_4925.png,neutral
neutral/ffhq_73.png,neutral
neutral/ffhq_1705.png,neutral
neutral/ffhq_2990.png,neutral
neutral/ffhq_2271.png,neutral
neutral/ffhq_1931.png,neutral
neutral/ffhq_942.png,neutral
neutral/ffhq_68.png,neutral
neutral/ffhq_5641.png,neutral
neutral/ffhq_4856.png,neutral
neutral/ffhq_5171.png,neutral
neutral/ffhq_761.png,neutral
neutral/ffhq_4852.png,neutral
neutral/ffhq_4099.png,neutral
neutral/ffhq_417.png,neutral
neutral/ffhq_1781.png,neutral
neutral/ffhq_5556.png,neutral
neutral/ffhq_4377.png,neutral
neutral/ffhq_361.png,neutral
neutral/ffhq_1163.png,neutral
neutral/ffhq_1929.png,neutral
neutral/ffhq_2365.png,neutral
neutral/ffhq_599.png,neutral
neutral/ffhq_614.png,neutral
neutral/ffhq_5102.png,neutral
neutral/ffhq_683.png,neutral
neutral/ffhq_319.png,neutral
neutral/ffhq_169.png,neutral
neutral/ffhq_3990.png,neutral
neutral/ffhq_307.png,neutral
neutral/ffhq_5292.png,neutral
neutral/ffhq_514.png,neutral
neutral/ffhq_5247.png,neutral
neutral/ffhq_5616.png,neutral
neutral/ffhq_2164.png,neutral
neutral/ffhq_2503.png,neutral
neutral/ffhq_5121.png,neutral
neutral/ffhq_5188.png,neutral
neutral/ffhq_4063.png,neutral
neutral/ffhq_2889.png,neutral
neutral/ffhq_1604.png,neutral
neutral/ffhq_5006.png,neutral
neutral/ffhq_1561.png,neutral
neutral/ffhq_2674.png,neutral
neutral/ffhq_2614.png,neutral
neutral/ffhq_400.png,neutral
neutral/ffhq_5126.png,neutral
neutral/ffhq_4180.png,neutral
neutral/ffhq_5472.png,neutral
neutral/ffhq_1170.png,neutral
neutral/ffhq_2418.png,neutral
neutral/ffhq_1601.png,neutral
neutral/ffhq_1116.png,neutral
neutral/ffhq_4986.png,neutral
neutral/ffhq_596.png,neutral
neutral/ffhq_2305.png,neutral
neutral/ffhq_4796.png,neutral
neutral/ffhq_2086.png,neutral
neutral/ffhq_424.png,neutral
neutral/ffhq_2314.png,neutral
neutral/ffhq_5438.png,neutral
neutral/ffhq_5088.png,neutral
neutral/ffhq_821.png,neutral
neutral/ffhq_3003.png,neutral
neutral/ffhq_2867.png,neutral
neutral/ffhq_2460.png,neutral
neutral/ffhq_4450.png,neutral
neutral/ffhq_805.png,neutral
neutral/ffhq_5523.png,neutral
neutral/ffhq_403.png,neutral
neutral/ffhq_4460.png,neutral
neutral/ffhq_1324.png,neutral
neutral/ffhq_3934.png,neutral
neutral/ffhq_5297.png,neutral
neutral/ffhq_786.png,neutral
neutral/ffhq_190.png,neutral
neutral/ffhq_4909.png,neutral
neutral/ffhq_4381.png,neutral
neutral/ffhq_163.png,neutral
neutral/ffhq_1419.png,neutral
neutral/image0016093.jpg,neutral
neutral/ffhq_1570.png,neutral
neutral/ffhq_1949.png,neutral
neutral/ffhq_3876.png,neutral
neutral/ffhq_4952.png,neutral
neutral/ffhq_1823.png,neutral
neutral/ffhq_2021.png,neutral
neutral/ffhq_4982.png,neutral
neutral/ffhq_3912.png,neutral
neutral/ffhq_4975.png,neutral
neutral/ffhq_5038.png,neutral
neutral/image0030989.jpg,neutral
neutral/ffhq_1583.png,neutral
neutral/ffhq_2198.png,neutral
neutral/ffhq_4603.png,neutral
neutral/ffhq_2025.png,neutral
neutral/ffhq_4637.png,neutral
neutral/ffhq_184.png,neutral
neutral/ffhq_5109.png,neutral
neutral/ffhq_252.png,neutral
neutral/ffhq_703.png,neutral
neutral/ffhq_727.png,neutral
neutral/ffhq_2742.png,neutral
neutral/ffhq_1996.png,neutral
neutral/ffhq_4160.png,neutral
neutral/ffhq_1389.png,neutral
neutral/ffhq_3747.png,neutral
neutral/ffhq_1989.png,neutral
neutral/ffhq_2392.png,neutral
neutral/ffhq_17.png,neutral
neutral/image0018903.jpg,neutral
neutral/image0015262.jpg,neutral
neutral/ffhq_2049.png,neutral
neutral/ffhq_5500.png,neutral
neutral/ffhq_916.png,neutral
neutral/ffhq_671.png,neutral
neutral/ffhq_4260.png,neutral
neutral/ffhq_4064.png,neutral
neutral/ffhq_556.png,neutral
neutral/ffhq_924.png,neutral
neutral/ffhq_3780.png,neutral
neutral/ffhq_702.png,neutral
neutral/ffhq_1403.png,neutral
neutral/ffhq_3966.png,neutral
neutral/ffhq_2344.png,neutral
neutral/ffhq_618.png,neutral
neutral/ffhq_1800.png,neutral
neutral/ffhq_2894.png,neutral
neutral/ffhq_2034.png,neutral
neutral/ffhq_3878.png,neutral
neutral/ffhq_778.png,neutral
neutral/ffhq_1452.png,neutral
neutral/ffhq_103.png,neutral
neutral/ffhq_1610.png,neutral
neutral/ffhq_608.png,neutral
neutral/ffhq_4144.png,neutral
neutral/ffhq_5590.png,neutral
neutral/ffhq_2020.png,neutral
neutral/ffhq_5051.png,neutral
neutral/ffhq_2847.png,neutral
neutral/ffhq_2469.png,neutral
neutral/ffhq_2869.png,neutral
neutral/ffhq_1997.png,neutral
neutral/ffhq_1454.png,neutral
neutral/ffhq_3963.png,neutral
neutral/ffhq_4284.png,neutral
neutral/ffhq_2234.png,neutral
neutral/ffhq_4781.png,neutral
neutral/ffhq_2093.png,neutral
neutral/ffhq_2376.png,neutral
neutral/ffhq_4593.png,neutral
neutral/ffhq_4197.png,neutral
neutral/ffhq_4504.png,neutral
neutral/ffhq_2477.png,neutral
neutral/ffhq_4300.png,neutral
neutral/ffhq_3972.png,neutral
neutral/ffhq_1730.png,neutral
neutral/ffhq_1128.png,neutral
neutral/ffhq_934.png,neutral
neutral/ffhq_2008.png,neutral
neutral/ffhq_2947.png,neutral
neutral/ffhq_1100.png,neutral
neutral/ffhq_1238.png,neutral
neutral/ffhq_1638.png,neutral
neutral/ffhq_543.png,neutral
neutral/ffhq_1842.png,neutral
neutral/ffhq_124.png,neutral
neutral/ffhq_5004.png,neutral
neutral/ffhq_125.png,neutral
neutral/ffhq_561.png,neutral
neutral/image0021856.jpg,neutral
neutral/ffhq_2893.png,neutral
neutral/ffhq_4811.png,neutral
neutral/ffhq_2526.png,neutral
neutral/ffhq_2295.png,neutral
neutral/ffhq_2826.png,neutral
neutral/ffhq_4088.png,neutral
neutral/ffhq_5260.png,neutral
neutral/ffhq_129.png,neutral
neutral/ffhq_2194.png,neutral
neutral/ffhq_2812.png,neutral
neutral/ffhq_2019.png,neutral
neutral/ffhq_4025.png,neutral
neutral/ffhq_5137.png,neutral
neutral/ffhq_276.png,neutral
neutral/ffhq_3948.png,neutral
neutral/ffhq_399.png,neutral
neutral/ffhq_571.png,neutral
neutral/ffhq_4585.png,neutral
neutral/ffhq_5535.png,neutral
neutral/ffhq_911.png,neutral
neutral/ffhq_5144.png,neutral
neutral/ffhq_4309.png,neutral
neutral/ffhq_2768.png,neutral
neutral/ffhq_4604.png,neutral
neutral/ffhq_2707.png,neutral
neutral/ffhq_1978.png,neutral
neutral/ffhq_5163.png,neutral
neutral/ffhq_5412.png,neutral
neutral/ffhq_4736.png,neutral
neutral/ffhq_4087.png,neutral
neutral/ffhq_3885.png,neutral
neutral/ffhq_2115.png,neutral
neutral/ffhq_1532.png,neutral
neutral/ffhq_1545.png,neutral
neutral/ffhq_2864.png,neutral
neutral/ffhq_5521.png,neutral
neutral/ffhq_2439.png,neutral
neutral/ffhq_1376.png,neutral
neutral/ffhq_27.png,neutral
neutral/ffhq_4629.png,neutral
neutral/ffhq_1611.png,neutral
neutral/ffhq_134.png,neutral
neutral/ffhq_5380.png,neutral
neutral/ffhq_3788.png,neutral
neutral/ffhq_2906.png,neutral
neutral/ffhq_2712.png,neutral
neutral/ffhq_5232.png,neutral
neutral/ffhq_1711.png,neutral
neutral/ffhq_1438.png,neutral
neutral/ffhq_4094.png,neutral
neutral/ffhq_1723.png,neutral
neutral/ffhq_967.png,neutral
neutral/ffhq_115.png,neutral
neutral/ffhq_4836.png,neutral
neutral/image0031841.jpg,neutral
neutral/ffhq_4529.png,neutral
neutral/ffhq_943.png,neutral
neutral/ffhq_3928.png,neutral
neutral/ffhq_664.png,neutral
neutral/ffhq_3038.png,neutral
neutral/ffhq_3837.png,neutral
neutral/ffhq_4708.png,neutral
neutral/image0041122.jpg,neutral
neutral/ffhq_4135.png,neutral
neutral/ffhq_429.png,neutral
neutral/ffhq_3918.png,neutral
neutral/ffhq_2961.png,neutral
neutral/ffhq_151.png,neutral
neutral/ffhq_4472.png,neutral
neutral/ffhq_1666.png,neutral
neutral/ffhq_622.png,neutral
neutral/ffhq_5300.png,neutral
neutral/ffhq_5253.png,neutral
neutral/ffhq_250.png,neutral
neutral/ffhq_1864.png,neutral
neutral/ffhq_859.png,neutral
neutral/ffhq_2415.png,neutral
neutral/ffhq_471.png,neutral
neutral/ffhq_5026.png,neutral
neutral/ffhq_2162.png,neutral
neutral/ffhq_5375.png,neutral
neutral/ffhq_2349.png,neutral
neutral/ffhq_646.png,neutral
neutral/ffhq_69.png,neutral
neutral/ffhq_2852.png,neutral
neutral/ffhq_4462.png,neutral
neutral/ffhq_4161.png,neutral
neutral/ffhq_2871.png,neutral
neutral/ffhq_4907.png,neutral
neutral/ffhq_4458.png,neutral
neutral/ffhq_4583.png,neutral
neutral/ffhq_3031.png,neutral
neutral/ffhq_2555.png,neutral
neutral/ffhq_1683.png,neutral
neutral/ffhq_4176.png,neutral
neutral/ffhq_425.png,neutral
neutral/ffhq_4586.png,neutral
neutral/ffhq_2631.png,neutral
neutral/ffhq_4885.png,neutral
neutral/ffhq_5332.png,neutral
neutral/ffhq_358.png,neutral
neutral/ffhq_2191.png,neutral
neutral/ffhq_5194.png,neutral
neutral/ffhq_1640.png,neutral
neutral/ffhq_731.png,neutral
neutral/ffhq_1851.png,neutral
neutral/ffhq_4106.png,neutral
neutral/ffhq_1556.png,neutral
neutral/ffhq_785.png,neutral
neutral/ffhq_1491.png,neutral
neutral/ffhq_4800.png,neutral
neutral/ffhq_519.png,neutral
neutral/ffhq_1133.png,neutral
neutral/ffhq_5256.png,neutral
neutral/ffhq_5240.png,neutral
neutral/ffhq_1867.png,neutral
neutral/ffhq_5146.png,neutral
neutral/ffhq_2350.png,neutral
neutral/ffhq_418.png,neutral
neutral/ffhq_5398.png,neutral
neutral/ffhq_4949.png,neutral
neutral/ffhq_4951.png,neutral
neutral/ffhq_4894.png,neutral
neutral/ffhq_2676.png,neutral
neutral/ffhq_1266.png,neutral
neutral/ffhq_4492.png,neutral
neutral/ffhq_2546.png,neutral
neutral/ffhq_228.png,neutral
neutral/ffhq_2250.png,neutral
neutral/ffhq_1195.png,neutral
neutral/ffhq_2475.png,neutral
neutral/ffhq_1924.png,neutral
neutral/ffhq_763.png,neutral
neutral/ffhq_1200.png,neutral
neutral/ffhq_5470.png,neutral
neutral/ffhq_4207.png,neutral
neutral/ffhq_3937.png,neutral
neutral/ffhq_2971.png,neutral
neutral/ffhq_937.png,neutral
neutral/ffhq_513.png,neutral
neutral/ffhq_5197.png,neutral
neutral/ffhq_2090.png,neutral
neutral/ffhq_2186.png,neutral
neutral/ffhq_5018.png,neutral
neutral/ffhq_167.png,neutral
neutral/ffhq_3920.png,neutral
neutral/image0030988.jpg,neutral
neutral/ffhq_4924.png,neutral
neutral/ffhq_672.png,neutral
neutral/ffhq_2925.png,neutral
neutral/image0016793.jpg,neutral
neutral/ffhq_2895.png,neutral
neutral/ffhq_4006.png,neutral
neutral/ffhq_5411.png,neutral
neutral/ffhq_1790.png,neutral
neutral/ffhq_989.png,neutral
neutral/ffhq_503.png,neutral
neutral/ffhq_3983.png,neutral
neutral/ffhq_355.png,neutral
neutral/ffhq_2815.png,neutral
neutral/ffhq_1406.png,neutral
neutral/ffhq_360.png,neutral
neutral/ffhq_5245.png,neutral
neutral/ffhq_121.png,neutral
neutral/ffhq_4838.png,neutral
neutral/ffhq_838.png,neutral
neutral/ffhq_2101.png,neutral
neutral/ffhq_1124.png,neutral
neutral/ffhq_5074.png,neutral
neutral/ffhq_1516.png,neutral
neutral/ffhq_126.png,neutral
neutral/ffhq_5354.png,neutral
neutral/ffhq_4945.png,neutral
neutral/ffhq_5280.png,neutral
neutral/ffhq_14.png,neutral
neutral/ffhq_2953.png,neutral
neutral/ffhq_5189.png,neutral
neutral/ffhq_1035.png,neutral
neutral/ffhq_2011.png,neutral
neutral/ffhq_4697.png,neutral
neutral/ffhq_1665.png,neutral
neutral/ffhq_5566.png,neutral
neutral/ffhq_2024.png,neutral
neutral/ffhq_51.png,neutral
neutral/ffhq_4622.png,neutral
neutral/ffhq_1062.png,neutral
neutral/ffhq_598.png,neutral
neutral/ffhq_3869.png,neutral
engaged/ffhq_5.png,engaged
engaged/ffhq_1.png,engaged
engaged/ffhq_15.png,engaged
engaged/ffhq_22.png,engaged
engaged/ffhq_35.png,engaged
engaged/ffhq_38.png,engaged
engaged/ffhq_42.png,engaged
engaged/ffhq_44.png,engaged
engaged/ffhq_55.png,engaged
engaged/ffhq_58.png,engaged
engaged/ffhq_63.png,engaged
engaged/ffhq_67.png,engaged
engaged/ffhq_70.png,engaged
engaged/ffhq_83.png,engaged
engaged/ffhq_91.png,engaged
engaged/ffhq_96.png,engaged
engaged/ffhq_102.png,engaged
engaged/ffhq_104.png,engaged
engaged/image0000094.jpg,engaged
engaged/image0000337.jpg,engaged
engaged/image0001046.jpg,engaged
engaged/image0001426.jpg,engaged
engaged/image0001944.jpg,engaged
engaged/image0002028.jpg,engaged
engaged/image0002044.jpg,engaged
engaged/image0002529.jpg,engaged
engaged/image0003199.jpg,engaged
engaged/image0003252.jpg,engaged
engaged/image0003646.jpg,engaged
engaged/image0003828.jpg,engaged
engaged/image0004082.jpg,engaged
engaged/image0004358.jpg,engaged
engaged/image0004423.jpg,engaged
engaged/image0004905.jpg,engaged
engaged/image0005170.jpg,engaged
engaged/image0005444.jpg,engaged
engaged/image0005446.jpg,engaged
engaged/image0005628.jpg,engaged
engaged/image0005748.jpg,engaged
engaged/image0005904.jpg,engaged
engaged/image0006153.jpg,engaged
engaged/image0006264.jpg,engaged
engaged/image0006329.jpg,engaged
engaged/image0006345.jpg,engaged
engaged/image0006923.jpg,engaged
engaged/image0006942.jpg,engaged
engaged/image0007615.jpg,engaged
engaged/image0008880.jpg,engaged
engaged/image0009385.jpg,engaged
engaged/image0009576.jpg,engaged
engaged/image0009988.jpg,engaged
engaged/image0010003.jpg,engaged
engaged/image0010235.jpg,engaged
engaged/image0010401.jpg,engaged
engaged/image0010551.jpg,engaged
engaged/image0011207.jpg,engaged
engaged/image0011791.jpg,engaged
engaged/image0012871.jpg,engaged
engaged/image0012913.jpg,engaged
engaged/image0012949.jpg,engaged
engaged/image0013113.jpg,engaged
engaged/image0013370.jpg,engaged
engaged/image0013393.jpg,engaged
engaged/image0013605.jpg,engaged
engaged/image0013842.jpg,engaged
engaged/image0013860.jpg,engaged
engaged/image0014074.jpg,engaged
engaged/image0014245.jpg,engaged
engaged/image0014656.jpg,engaged
engaged/image0014658.jpg,engaged
engaged/image0014817.jpg,engaged
engaged/image0014877.jpg,engaged
engaged/image0014993.jpg,engaged
engaged/image0015417.jpg,engaged
engaged/image0016145.jpg,engaged
engaged/image0016228.jpg,engaged
engaged/image0016239.jpg,engaged
engaged/image0016365.jpg,engaged
engaged/image0016388.jpg,engaged
engaged/image0016452.jpg,engaged
engaged/image0016807.jpg,engaged
engaged/image0016888.jpg,engaged
engaged/image0016951.jpg,engaged
engaged/image0017384.jpg,engaged
engaged/image0017397.jpg,engaged
engaged/image0017968.jpg,engaged
engaged/image0018022.jpg,engaged
engaged/image0018332.jpg,engaged
engaged/image0018607.jpg,engaged
engaged/image0018671.jpg,engaged
engaged/image0018725.jpg,engaged
engaged/image0019274.jpg,engaged
engaged/image0019377.jpg,engaged
engaged/image0019545.jpg,engaged
engaged/image0019559.jpg,engaged
engaged/image0020126.jpg,engaged
engaged/image0020298.jpg,engaged
engaged/image0020865.jpg,engaged
engaged/image0021060.jpg,engaged
engaged/image0021198.jpg,engaged
engaged/image0021257.jpg,engaged
engaged/image0021263.jpg,engaged
engaged/image0021528.jpg,engaged
engaged/image0021879.jpg,engaged
engaged/image0021892.jpg,engaged
engaged/image0022706.jpg,engaged
engaged/image0022851.jpg,engaged
engaged/image0022883.jpg,engaged
engaged/image0023008.jpg,engaged
engaged/image0023043.jpg,engaged
engaged/image0023140.jpg,engaged
engaged/image0023162.jpg,engaged
engaged/image0023165.jpg,engaged
engaged/image0023173.jpg,engaged
engaged/image0023386.jpg,engaged
engaged/image0023436.jpg,engaged
engaged/image0023945.jpg,engaged
engaged/image0023966.jpg,engaged
engaged/image0024081.jpg,engaged
engaged/image0024093.jpg,engaged
engaged/image0024509.jpg,engaged
engaged/image0024541.jpg,engaged
engaged/image0024549.jpg,engaged
engaged/image0024640.jpg,engaged
engaged/image0024812.jpg,engaged
engaged/image0025031.jpg,engaged
engaged/image0025153.jpg,engaged
engaged/image0025232.jpg,engaged
engaged/image0025336.jpg,engaged
engaged/image0025343.jpg,engaged
engaged/image0025366.jpg,engaged
engaged/image0025398.jpg,engaged
engaged/image0025418.jpg,engaged
engaged/image0025453.jpg,engaged
engaged/image0025456.jpg,engaged
engaged/image0025475.jpg,engaged
engaged/image0025476.jpg,engaged
engaged/image0025552.jpg,engaged
engaged/image0025584.jpg,engaged
engaged/image0025844.jpg,engaged
engaged/image0025987.jpg,engaged
engaged/image0026049.jpg,engaged
engaged/image0026077.jpg,engaged
engaged/image0026243.jpg,engaged
engaged/image0026362.jpg,engaged
engaged/image0026370.jpg,engaged
engaged/image0026388.jpg,engaged
engaged/image0026400.jpg,engaged
engaged/image0026414.jpg,engaged
engaged/image0026439.jpg,engaged
engaged/image0026471.jpg,engaged
engaged/image0026655.jpg,engaged
engaged/image0026672.jpg,engaged
engaged/image0026783.jpg,engaged
engaged/image0026838.jpg,engaged
engaged/image0026897.jpg,engaged
engaged/image0026903.jpg,engaged
engaged/image0027052.jpg,engaged
engaged/image0027061.jpg,engaged
engaged/image0027087.jpg,engaged
engaged/image0027088.jpg,engaged
engaged/image0027130.jpg,engaged
engaged/image0027159.jpg,engaged
engaged/image0027174.jpg,engaged
engaged/image0027186.jpg,engaged
engaged/image0027258.jpg,engaged
engaged/image0027274.jpg,engaged
engaged/image0027481.jpg,engaged
engaged/image0027596.jpg,engaged
engaged/image0027741.jpg,engaged
engaged/image0027813.jpg,engaged
engaged/image0027815.jpg,engaged
engaged/image0027862.jpg,engaged
engaged/image0027894.jpg,engaged
engaged/image0027902.jpg,engaged
engaged/image0027928.jpg,engaged
engaged/image0028105.jpg,engaged
engaged/image0028120.jpg,engaged
engaged/image0028188.jpg,engaged
engaged/image0028238.jpg,engaged
engaged/image0028390.jpg,engaged
engaged/image0028438.jpg,engaged
engaged/image0028459.jpg,engaged
engaged/image0028738.jpg,engaged
engaged/image0028748.jpg,engaged
engaged/image0028795.jpg,engaged
engaged/image0028848.jpg,engaged
engaged/image0028854.jpg,engaged
engaged/image0028924.jpg,engaged
engaged/image0029150.jpg,engaged
engaged/image0029180.jpg,engaged
engaged/image0029195.jpg,engaged
engaged/image0029324.jpg,engaged
engaged/image0029374.jpg,engaged
engaged/image0029581.jpg,engaged
engaged/image0029617.jpg,engaged
engaged/image0029765.jpg,engaged
engaged/image0029858.jpg,engaged
engaged/image0029865.jpg,engaged
engaged/image0029948.jpg,engaged
engaged/image0030003.jpg,engaged
engaged/image0030070.jpg,engaged
engaged/image0030181.jpg,engaged
engaged/image0030201.jpg,engaged
engaged/image0030255.jpg,engaged
engaged/image0030357.jpg,engaged
engaged/image0030441.jpg,engaged
engaged/image0030528.jpg,engaged
engaged/image0030643.jpg,engaged
engaged/image0030674.jpg,engaged
engaged/image0030687.jpg,engaged
engaged/image0030692.jpg,engaged
engaged/image0030752.jpg,engaged
engaged/image0030768.jpg,engaged
engaged/image0030808.jpg,engaged
engaged/image0030815.jpg,engaged
engaged/image0030838.jpg,engaged
engaged/image0030848.jpg,engaged
engaged/image0030855.jpg,engaged
engaged/image0030872.jpg,engaged
engaged/image0030873.jpg,engaged
engaged/image0030877.jpg,engaged
engaged/image0030884.jpg,engaged
engaged/image0030887.jpg,engaged
engaged/image0030888.jpg,engaged
engaged/image0030928.jpg,engaged
engaged/image0030942.jpg,engaged
engaged/image0030949.jpg,engaged
engaged/image0030956.jpg,engaged
engaged/image0030957.jpg,engaged
engaged/image0030960.jpg,engaged
engaged/image0030999.jpg,engaged
engaged/image0031015.jpg,engaged
engaged/image0031039.jpg,engaged
engaged/image0031139.jpg,engaged
engaged/image0031148.jpg,engaged
engaged/image0031153.jpg,engaged
engaged/image0031207.jpg,engaged
engaged/image0031213.jpg,engaged
engaged/image0031242.jpg,engaged
engaged/image0031314.jpg,engaged
engaged/image0031339.jpg,engaged
engaged/image0031345.jpg,engaged
engaged/image0031348.jpg,engaged
engaged/image0031366.jpg,engaged
engaged/image0031495.jpg,engaged
engaged/image0031544.jpg,engaged
engaged/image0031549.jpg,engaged
engaged/image0031562.jpg,engaged
engaged/image0031565.jpg,engaged
engaged/image0031569.jpg,engaged
engaged/image0031570.jpg,engaged
engaged/image0031575.jpg,engaged
engaged/image0031616.jpg,engaged
engaged/image0031623.jpg,engaged
engaged/image0031642.jpg,engaged
engaged/image0031665.jpg,engaged
engaged/image0031689.jpg,engaged
engaged/image0031697.jpg,engaged
engaged/image0031788.jpg,engaged
engaged/image0031808.jpg,engaged
engaged/image0031835.jpg,engaged
engaged/image0031845.jpg,engaged
engaged/image0031849.jpg,engaged
engaged/image0031854.jpg,engaged
engaged/image0031859.jpg,engaged
engaged/image0031878.jpg,engaged
engaged/image0031884.jpg,engaged
engaged/image0031961.jpg,engaged
engaged/image0031976.jpg,engaged
engaged/image0032030.jpg,engaged
engaged/image0032080.jpg,engaged
engaged/image0032089.jpg,engaged
engaged/image0032104.jpg,engaged
engaged/image0032120.jpg,engaged
engaged/image0032127.jpg,engaged
engaged/image0032139.jpg,engaged
engaged/image0032193.jpg,engaged
engaged/image0032202.jpg,engaged
engaged/image0032222.jpg,engaged
engaged/image0032256.jpg,engaged
engaged/image0032344.jpg,engaged
engaged/image0032348.jpg,engaged
engaged/image0032370.jpg,engaged
engaged/image0032374.jpg,engaged
engaged/image0032383.jpg,engaged
engaged/image0032390.jpg,engaged
engaged/image0032396.jpg,engaged
engaged/image0032415.jpg,engaged
engaged/image0032442.jpg,engaged
engaged/image0032458.jpg,engaged
engaged/image0032546.jpg,engaged
engaged/image0032550.jpg,engaged
engaged/image0032554.jpg,engaged
engaged/image0032579.jpg,engaged
engaged/image0032607.jpg,engaged
engaged/image0032656.jpg,engaged
engaged/image0032713.jpg,engaged
engaged/image0032722.jpg,engaged
engaged/image0032729.jpg,engaged
engaged/image0032731.jpg,engaged
engaged/image0032748.jpg,engaged
engaged/image0032751.jpg,engaged
engaged/image0032758.jpg,engaged
engaged/image0032760.jpg,engaged
engaged/image0032761.jpg,engaged
engaged/image0032776.jpg,engaged
engaged/image0032803.jpg,engaged
engaged/image0032868.jpg,engaged
engaged/image0032870.jpg,engaged
engaged/image0032876.jpg,engaged
engaged/image0032915.jpg,engaged
engaged/image0032937.jpg,engaged
engaged/image0032990.jpg,engaged
engaged/image0032999.jpg,engaged
engaged/image0033016.jpg,engaged
engaged/image0033032.jpg,engaged
engaged/image0033068.jpg,engaged
engaged/image0033080.jpg,engaged
engaged/image0033082.jpg,engaged
engaged/image0033088.jpg,engaged
engaged/image0033093.jpg,engaged
engaged/image0033123.jpg,engaged
engaged/image0033129.jpg,engaged
engaged/image0033145.jpg,engaged
engaged/image0033160.jpg,engaged
engaged/image0033178.jpg,engaged
engaged/image0033196.jpg,engaged
engaged/image0033242.jpg,engaged
engaged/image0033281.jpg,engaged
engaged/image0033288.jpg,engaged
engaged/image0033307.jpg,engaged
engaged/image0033317.jpg,engaged
engaged/image0033344.jpg,engaged
engaged/image0033370.jpg,engaged
engaged/image0033384.jpg,engaged
engaged/image0033395.jpg,engaged
engaged/image0033431.jpg,engaged
engaged/image0033476.jpg,engaged
engaged/image0033481.jpg,engaged
engaged/image0033482.jpg,engaged
engaged/image0033493.jpg,engaged
engaged/image0033504.jpg,engaged
engaged/image0033531.jpg,engaged
engaged/image0033545.jpg,engaged
engaged/image0033594.jpg,engaged
engaged/image0033636.jpg,engaged
engaged/image0033659.jpg,engaged
engaged/image0033677.jpg,engaged
engaged/image0033687.jpg,engaged
engaged/image0033688.jpg,engaged
engaged/image0033749.jpg,engaged
engaged/image0033755.jpg,engaged
engaged/image0033819.jpg,engaged
engaged/image0033820.jpg,engaged
engaged/image0033864.jpg,engaged
engaged/image0033895.jpg,engaged
engaged/image0033907.jpg,engaged
engaged/image0033933.jpg,engaged
engaged/image0033939.jpg,engaged
engaged/image0033965.jpg,engaged
engaged/image0034007.jpg,engaged
engaged/image0034048.jpg,engaged
engaged/image0034054.jpg,engaged
engaged/image0034083.jpg,engaged
engaged/image0034089.jpg,engaged
engaged/image0034144.jpg,engaged
engaged/image0034192.jpg,engaged
engaged/image0034243.jpg,engaged
engaged/image0034279.jpg,engaged
engaged/image0034313.jpg,engaged
engaged/image0034467.jpg,engaged
engaged/image0034641.jpg,engaged
engaged/image0034701.jpg,engaged
engaged/image0034702.jpg,engaged
engaged/image0034712.jpg,engaged
engaged/image0034715.jpg,engaged
engaged/image0034761.jpg,engaged
engaged/image0034763.jpg,engaged
engaged/image0034791.jpg,engaged
engaged/image0034921.jpg,engaged
engaged/image0034922.jpg,engaged
engaged/image0034923.jpg,engaged
engaged/image0034936.jpg,engaged
engaged/image0034952.jpg,engaged
engaged/image0034972.jpg,engaged
engaged/image0034984.jpg,engaged
engaged/image0035012.jpg,engaged
engaged/image0035025.jpg,engaged
engaged/image0035026.jpg,engaged
engaged/image0035037.jpg,engaged
engaged/image0035040.jpg,engaged
engaged/image0035045.jpg,engaged
engaged/image0042001.jpg,engaged
engaged/image0042002.jpg,engaged
engaged/image0042008.jpg,engaged
engaged/image0042011.jpg,engaged
engaged/image0042014.jpg,engaged
engaged/image0042029.jpg,engaged
engaged/image0042036.jpg,engaged
engaged/image0042040.jpg,engaged
engaged/image0042044.jpg,engaged
engaged/image0042045.jpg,engaged
engaged/image0042049.jpg,engaged
engaged/image0042053.jpg,engaged
engaged/image0042056.jpg,engaged
engaged/image0042058.jpg,engaged
engaged/image0042059.jpg,engaged
engaged/image0042063.jpg,engaged
engaged/image0042064.jpg,engaged
engaged/image0042065.jpg,engaged
engaged/image0042078.jpg,engaged
engaged/image0042079.jpg,engaged
engaged/image0042088.jpg,engaged
engaged/image0042094.jpg,engaged
engaged/image0042102.jpg,engaged
engaged/image0042103.jpg,engaged
engaged/image0042108.jpg,engaged
engaged/image0042140.jpg,engaged
engaged/image0042146.jpg,engaged
engaged/image0042159.jpg,engaged
engaged/image0042165.jpg,engaged
engaged/image0042170.jpg,engaged
engaged/image0042171.jpg,engaged
engaged/image0042175.jpg,engaged
engaged/image0042178.jpg,engaged
engaged/image0042183.jpg,engaged
engaged/image0042184.jpg,engaged
engaged/image0042195.jpg,engaged
engaged/image0042198.jpg,engaged
engaged/image0042206.jpg,engaged
engaged/image0042209.jpg,engaged
engaged/image0042216.jpg,engaged
engaged/image0042220.jpg,engaged
engaged/image0042231.jpg,engaged
engaged/image0042239.jpg,engaged
engaged/image0042244.jpg,engaged
engaged/image0042249.jpg,engaged
engaged/image0042268.jpg,engaged
engaged/image0042280.jpg,engaged
engaged/image0042281.jpg,engaged
engaged/image0042295.jpg,engaged
engaged/image0042296.jpg,engaged
engaged/image0042298.jpg,engaged
engaged/image0042307.jpg,engaged
engaged/image0042311.jpg,engaged
engaged/image0042313.jpg,engaged
engaged/image0042316.jpg,engaged
engaged/image0042321.jpg,engaged
engaged/image0042322.jpg,engaged
engaged/image0042324.jpg,engaged
engaged/image0042337.jpg,engaged
engaged/image0042340.jpg,engaged
engaged/image0042341.jpg,engaged
engaged/image0042342.jpg,engaged
engaged/image0042350.jpg,engaged
engaged/image0042351.jpg,engaged
engaged/image0042361.jpg,engaged
engaged/image0042365.jpg,engaged
engaged/image0042366.jpg,engaged
engaged/image0042371.jpg,engaged
engaged/image0042379.jpg,engaged
engaged/image0042385.jpg,engaged
engaged/image0042392.jpg,engaged
engaged/image0042401.jpg,engaged
engaged/image0042405.jpg,engaged
engaged/image0042415.jpg,engaged
engaged/image0042418.jpg,engaged
engaged/image0042427.jpg,engaged
engaged/image0042428.jpg,engaged
engaged/image0042433.jpg,engaged
engaged/image0042434.jpg,engaged
engaged/image0042454.jpg,engaged
engaged/image0042458.jpg,engaged
engaged/image0042461.jpg,engaged
engaged/image0042469.jpg,engaged
engaged/image0042471.jpg,engaged
engaged/image0042475.jpg,engaged
engaged/image0042487.jpg,engaged
engaged/image0042490.jpg,engaged
engaged/image0042499.jpg,engaged
engaged/image0042502.jpg,engaged
engaged/image0042509.jpg,engaged
engaged/image0042510.jpg,engaged
engaged/image0042516.jpg,engaged
engaged/image0042528.jpg,engaged
engaged/image0042529.jpg,engaged
engaged/image0042532.jpg,engaged
engaged/image0042533.jpg,engaged
engaged/image0042537.jpg,engaged
engaged/image0042540.jpg,engaged
engaged/image0042543.jpg,engaged
engaged/image0042545.jpg,engaged
engaged/ffhq_381.png,engaged
engaged/ffhq_412.png,engaged
